bucket,file_path,category,reason
dense_tabular_rows,J:\Genealogy\genealogy_pipeline\data\working\Screenshot 2026-05-06 223315.png,dense_tabular_rows,"The document displays structured data fields for an individual, characteristic of a passenger manifest row."
dense_tabular_rows,J:\Genealogy\genealogy_pipeline\data\working\Screenshot 2026-05-06 225756.png,dense_tabular_rows,"The document appears to be a passenger list, which is characterized by repeated rows of similar data for many individuals."
dense_tabular_rows,J:\Genealogy\genealogy_pipeline\data\working\Screenshot 2026-05-06 230654.png,dense_tabular_rows,"The document displays structured data in a list format, characteristic of a passenger manifest."
dense_tabular_rows,J:\Genealogy\genealogy_pipeline\data\working\Screenshot 2026-05-07 000053.png,dense_tabular_rows,"The document displays structured, repeated rows of personal information typical of a passenger manifest."
dense_tabular_rows,J:\Genealogy\genealogy_pipeline\data\working\Screenshot 2026-05-27 213043.png,dense_tabular_rows,"The image displays multiple repeated rows of personal data structured in a fixed column layout, characteristic of a census page."
dense_tabular_rows,J:\Genealogy\genealogy_pipeline\data\working\Screenshot 2026-05-28 220311.png,dense_tabular_rows,"The image displays structured data in a format consistent with a passenger manifest, characterized by repeated rows of information."
dense_tabular_rows,J:\Genealogy\genealogy_pipeline\data\working\Screenshot 2026-05-28 223238.png,dense_tabular_rows,"The image displays structured passenger list data, which fits the definition of dense tabular rows."
dense_tabular_rows,J:\Genealogy\genealogy_pipeline\data\working\Screenshot 2026-06-06 185405.png,dense_tabular_rows,The image displays structured data in a repeating row format typical of census or voter lists.
dense_tabular_rows,J:\Genealogy\genealogy_pipeline\data\working\Screenshot 2026-06-07 214143.png,dense_tabular_rows,"The image displays a list structure with repeated rows detailing individuals, characteristic of a census page."
dense_tabular_rows,J:\Genealogy\genealogy_pipeline\data\working\Screenshot 2026-06-09 080234.png,dense_tabular_rows,The image displays a structured list format typical of a passenger manifest with multiple distinct entries.
dense_tabular_rows,J:\Genealogy\genealogy_pipeline\data\working\Screenshot 2026-06-13 120121.png,dense_tabular_rows,The image displays a census entry structure with multiple distinct rows detailing different individuals.
dense_tabular_rows,J:\Genealogy\genealogy_pipeline\data\working\Screenshot 2026-06-13 151707.png,dense_tabular_rows,"The document presents structured, repeated rows of biographical data for a single individual, fitting the dense tabular rows definition."
dense_tabular_rows,J:\Genealogy\genealogy_pipeline\data\working\Screenshot 2026-06-13 155447.png,dense_tabular_rows,"The image displays structured rows of data typical of a census record, indicating many repeated entries."
dense_tabular_rows,J:\Genealogy\genealogy_pipeline\data\working\Screenshot 2026-06-13 155759.png,dense_tabular_rows,"The document presents structured data in a list format, characteristic of census records with repeated row structures."
dense_tabular_rows,J:\Genealogy\genealogy_pipeline\data\working\Screenshot 2026-06-13 174355.png,dense_tabular_rows,The image displays structured data in a repeating row format typical of a census record.
dense_tabular_rows,J:\Genealogy\genealogy_pipeline\data\working\Screenshot 2026-06-17 005912.png,dense_tabular_rows,"The document presents structured data in a list format, suggesting many repeated rows of information."
dense_tabular_rows,J:\Genealogy\genealogy_pipeline\data\working\Screenshot 2026-06-18 195647.png,dense_tabular_rows,"The image displays multiple distinct entries structured in repeated columns, characteristic of census records."
printed_document,J:\Genealogy\genealogy_pipeline\data\working\Screenshot 2026-05-09 022738.png,printed_document,"This is a single-entity form with a handful of one-time labeled fields, characteristic of a printed document like a marriage record."
printed_document,J:\Genealogy\genealogy_pipeline\data\working\Screenshot 2026-05-26 081931.png,printed_document,The document appears to be a single-entity record with labeled fields rather than repeated rows of data.
printed_document,J:\Genealogy\genealogy_pipeline\data\working\Screenshot 2026-05-27 001720.png,printed_document,The image consists of typed prose forming an article or legal text without repeating tabular data.
printed_document,J:\Genealogy\genealogy_pipeline\data\working\Screenshot 2026-05-27 075155.png,printed_document,The document presents a single record with labeled fields rather than repeating tabular data.
printed_document,J:\Genealogy\genealogy_pipeline\data\working\Screenshot 2026-05-27 075228.png,printed_document,The document presents a handful of facts about one entity rather than repeating similar rows of data.
printed_document,J:\Genealogy\genealogy_pipeline\data\working\Screenshot 2026-05-27 075248.png,printed_document,The document presents a single record with labeled fields rather than repeating tabular data.
printed_document,J:\Genealogy\genealogy_pipeline\data\working\Screenshot 2026-05-27 075308.png,printed_document,"The document presents a handful of facts about one entity using labeled fields, fitting the description of a single-entity form."
printed_document,J:\Genealogy\genealogy_pipeline\data\working\Screenshot 2026-05-27 075328.png,printed_document,The document presents a handful of facts about an individual rather than repeating similar rows of data.
printed_document,J:\Genealogy\genealogy_pipeline\data\working\Screenshot 2026-05-27 075348.png,printed_document,The document presents a handful of facts about one entity rather than repeating similar rows of data.
printed_document,J:\Genealogy\genealogy_pipeline\data\working\Screenshot 2026-05-27 075404.png,printed_document,"This document presents a handful of facts about one entity using labeled fields, fitting the definition of a single-entity form."
printed_document,J:\Genealogy\genealogy_pipeline\data\working\Screenshot 2026-05-27 211850.png,printed_document,"The image displays a navigation path, which is a form of typed prose structure rather than a repeating tabular or complex visual layout."
printed_document,J:\Genealogy\genealogy_pipeline\data\working\Screenshot 2026-05-27 225956.png,printed_document,The document presents a handful of facts about an individual using a single-entity form structure.
printed_document,J:\Genealogy\genealogy_pipeline\data\working\Screenshot 2026-05-28 004045.png,printed_document,"The document is a bibliographic entry with a handful of facts about a publication, not a repeating tabular structure."
printed_document,J:\Genealogy\genealogy_pipeline\data\working\Screenshot 2026-05-28 014735.png,printed_document,The document presents a handful of facts about one entity rather than repeating similar rows of data.
printed_document,J:\Genealogy\genealogy_pipeline\data\working\Screenshot 2026-05-29 010312.png,printed_document,"The image consists primarily of typed prose and headings, fitting the description of printed text."
printed_document,J:\Genealogy\genealogy_pipeline\data\working\Screenshot 2026-06-01 230451.png,printed_document,The image displays structured metadata and titles typical of a printed report rather than repeating tabular data.
printed_document,J:\Genealogy\genealogy_pipeline\data\working\Screenshot 2026-06-01 230607.png,printed_document,"The document presents metadata in a structured, non-repeating list format typical of a reference entry."
printed_document,J:\Genealogy\genealogy_pipeline\data\working\Screenshot 2026-06-01 231351.png,printed_document,The document presents descriptive text and single-entity record information rather than repeating tabular data.
printed_document,J:\Genealogy\genealogy_pipeline\data\working\Screenshot 2026-06-03 013357.png,printed_document,The document appears to be a typed record or certificate with a handful of labeled fields rather than repeated tabular data.
printed_document,J:\Genealogy\genealogy_pipeline\data\working\Screenshot 2026-06-03 231620.png,printed_document,"The image displays a typed certificate, which is a single-entity form with labeled fields, fitting the printed_document classification."
printed_document,J:\Genealogy\genealogy_pipeline\data\working\Screenshot 2026-06-03 232553.png,printed_document,The document presents a single-entity record with labeled fields rather than repeating tabular data.
printed_document,J:\Genealogy\genealogy_pipeline\data\working\Screenshot 2026-06-04 202712.png,printed_document,The image displays structured record entries that appear to be single-entity records rather than repeating tabular data.
printed_document,J:\Genealogy\genealogy_pipeline\data\working\Screenshot 2026-06-04 205919.png,printed_document,The document presents a handful of labeled fields about a single item rather than repeating rows of data.
printed_document,J:\Genealogy\genealogy_pipeline\data\working\Screenshot 2026-06-04 222447.png,printed_document,"The document consists of descriptive text and metadata fields, fitting the structure of a single-entity record rather than repeated tabular data."
printed_document,J:\Genealogy\genealogy_pipeline\data\working\Screenshot 2026-06-04 222644.png,printed_document,"The document consists of descriptive text and metadata fields, fitting the structure of a printed document."
printed_document,J:\Genealogy\genealogy_pipeline\data\working\Screenshot 2026-06-05 081257.png,printed_document,The document presents a single-entity record with labeled fields rather than repeating tabular data.
printed_document,J:\Genealogy\genealogy_pipeline\data\working\Screenshot 2026-06-06 155858.png,printed_document,The document consists of descriptive text entries rather than repeating tabular data or a single photograph.
printed_document,J:\Genealogy\genealogy_pipeline\data\working\Screenshot 2026-06-06 160350.png,printed_document,The document appears to be a record with a handful of labeled fields rather than many repeated rows.
printed_document,J:\Genealogy\genealogy_pipeline\data\working\Screenshot 2026-06-06 161556.png,printed_document,"The document consists of structured metadata fields describing an item, which is characteristic of a printed record."
printed_document,J:\Genealogy\genealogy_pipeline\data\working\Screenshot 2026-06-06 161840.png,printed_document,"The image consists of a list of item details with distinct entries, fitting the description of typed prose or a list of single-entity records."
printed_document,J:\Genealogy\genealogy_pipeline\data\working\Screenshot 2026-06-06 161908.png,printed_document,The document presents metadata fields about an item rather than repeating tabular data or being a single photograph.
printed_document,J:\Genealogy\genealogy_pipeline\data\working\Screenshot 2026-06-06 162027.png,printed_document,The document presents descriptive text and metadata about an item rather than a repeating tabular structure or a single photograph.
printed_document,J:\Genealogy\genealogy_pipeline\data\working\Screenshot 2026-06-06 180830.png,printed_document,"The document consists of descriptive text and metadata about a file, fitting the description of printed prose."
printed_document,J:\Genealogy\genealogy_pipeline\data\working\Screenshot 2026-06-06 181012.png,printed_document,The image displays text entries that appear to be records rather than repeating tabular data for many individuals.
printed_document,J:\Genealogy\genealogy_pipeline\data\working\Screenshot 2026-06-07 162230.png,printed_document,"The input consists of a numbered list of archival references, which is structured prose rather than a repeating tabular form."
printed_document,J:\Genealogy\genealogy_pipeline\data\working\Screenshot 2026-06-07 175824.png,printed_document,The document presents a handful of facts about one entity rather than repeating the same columns for many different people.
printed_document,J:\Genealogy\genealogy_pipeline\data\working\Screenshot 2026-06-07 190746.png,printed_document,The document presents a handful of facts about an item rather than repeating the same structure for many different entries.
printed_document,J:\Genealogy\genealogy_pipeline\data\working\Screenshot 2026-06-07 190756.png,printed_document,The document presents a set of descriptive fields about an item rather than repeating data across many rows.
printed_document,J:\Genealogy\genealogy_pipeline\data\working\Screenshot 2026-06-07 195805.png,printed_document,"The input consists of a list of distinct, single-entity records with title, date, and format, which fits the definition of printed documents."
printed_document,J:\Genealogy\genealogy_pipeline\data\working\Screenshot 2026-06-07 200546.png,printed_document,The document consists of structured text sections describing an archival record rather than repeating tabular data.
printed_document,J:\Genealogy\genealogy_pipeline\data\working\Screenshot 2026-06-07 200902.png,printed_document,"The document consists of structured metadata fields describing a single item, fitting the description of printed prose or a single-entity form."
printed_document,J:\Genealogy\genealogy_pipeline\data\working\Screenshot 2026-06-07 203841.png,printed_document,The document consists of structured metadata fields rather than repeated tabular data or a narrative text block.
printed_document,J:\Genealogy\genealogy_pipeline\data\working\Screenshot 2026-06-07 204839.png,printed_document,"The document consists of structured text entries and labels, fitting the description of typed prose or single-entity forms."
printed_document,J:\Genealogy\genealogy_pipeline\data\working\Screenshot 2026-06-07 205632.png,printed_document,The document presents descriptive text and metadata about a record rather than repeating tabular data.
printed_document,J:\Genealogy\genealogy_pipeline\data\working\Screenshot 2026-06-07 210506.png,printed_document,"The document consists of descriptive text and notes, fitting the definition of printed prose."
printed_document,J:\Genealogy\genealogy_pipeline\data\working\Screenshot 2026-06-07 211126.png,printed_document,"The image contains typed prose describing archival information, fitting the definition of a printed document."
printed_document,J:\Genealogy\genealogy_pipeline\data\working\Screenshot 2026-06-07 211209.png,printed_document,"The document presents item details in a structured, single-entity format rather than repeating rows of data."
printed_document,J:\Genealogy\genealogy_pipeline\data\working\Screenshot 2026-06-07 213155.png,printed_document,The image displays metadata and descriptive text rather than a repeating tabular structure or a complex visual layout.
printed_document,J:\Genealogy\genealogy_pipeline\data\working\Screenshot 2026-06-09 215100.png,printed_document,The document presents metadata and reference information rather than repeating tabular data or complex visual structures.
printed_document,J:\Genealogy\genealogy_pipeline\data\working\Screenshot 2026-06-09 215715.png,printed_document,The record presents metadata and reference information typical of a catalog entry rather than a repeating tabular structure or a complex visual layout.
printed_document,J:\Genealogy\genealogy_pipeline\data\working\Screenshot 2026-06-09 215853.png,printed_document,The document presents metadata and reference information in a prose format rather than a repeating tabular structure.
printed_document,J:\Genealogy\genealogy_pipeline\data\working\Screenshot 2026-06-09 230322.png,printed_document,"The image displays metadata and reference information typical of a record, which is classified as printed text."
printed_document,J:\Genealogy\genealogy_pipeline\data\working\Screenshot 2026-06-09 235628.png,printed_document,The document appears to be typed prose or a record entry rather than a repeating tabular structure.
printed_document,J:\Genealogy\genealogy_pipeline\data\working\Screenshot 2026-06-09 235914.png,printed_document,"The image displays metadata and reference information typical of an archival record, which is classified as printed text."
printed_document,J:\Genealogy\genealogy_pipeline\data\working\Screenshot 2026-06-10 150319.png,printed_document,"The document presents reference and file information in a structured, non-repeating format typical of a record entry."
printed_document,J:\Genealogy\genealogy_pipeline\data\working\Screenshot 2026-06-10 153606.png,printed_document,The document presents single-entity record information with a handful of labeled fields rather than repeating rows of data.
printed_document,J:\Genealogy\genealogy_pipeline\data\working\Screenshot 2026-06-11 154201.png,printed_document,"The image contains typed prose and navigational text, fitting the description of a printed document."
printed_document,J:\Genealogy\genealogy_pipeline\data\working\Screenshot 2026-06-11 163958.png,printed_document,"The image displays structured archival metadata and text, fitting the description of a printed document."
printed_document,J:\Genealogy\genealogy_pipeline\data\working\Screenshot 2026-06-11 170806.png,printed_document,"The image contains short, distinct entries that do not form a repetitive tabular structure."
printed_document,J:\Genealogy\genealogy_pipeline\data\working\Screenshot 2026-06-11 172050.png,printed_document,The document presents metadata and reference information rather than repeating tabular data or being a complex visual layout.
printed_document,J:\Genealogy\genealogy_pipeline\data\working\Screenshot 2026-06-11 172453.png,printed_document,"The image displays metadata and reference information typical of an archival record, which is a form of printed text."
printed_document,J:\Genealogy\genealogy_pipeline\data\working\Screenshot 2026-06-11 172613.png,printed_document,"The document is typed prose, fitting the description of printed text without a repeating tabular structure."
printed_document,J:\Genealogy\genealogy_pipeline\data\working\Screenshot 2026-06-11 172718.png,printed_document,The document presents metadata and reference information rather than prose or a repeating tabular structure.
printed_document,J:\Genealogy\genealogy_pipeline\data\working\Screenshot 2026-06-11 173850.png,printed_document,The document appears to be a record with a handful of labeled fields rather than repeated rows of data.
printed_document,J:\Genealogy\genealogy_pipeline\data\working\Screenshot 2026-06-11 174016.png,printed_document,The document appears to be a record entry with a handful of labeled fields rather than repeated tabular data.
printed_document,J:\Genealogy\genealogy_pipeline\data\working\Screenshot 2026-06-11 175152.png,printed_document,The document appears to be typed textual material without a repeating tabular structure or complex chart layout.
printed_document,J:\Genealogy\genealogy_pipeline\data\working\Screenshot 2026-06-11 180059.png,printed_document,"The provided text appears to be a bibliographic or archival record, which is classified as printed text."
printed_document,J:\Genealogy\genealogy_pipeline\data\working\Screenshot 2026-06-11 180206.png,printed_document,The document appears to be a bibliographic or archival record with a handful of labeled fields rather than repeating tabular data.
printed_document,J:\Genealogy\genealogy_pipeline\data\working\Screenshot 2026-06-11 180241.png,printed_document,The document presents metadata and reference information rather than repeating tabular data or being a complex visual layout.
printed_document,J:\Genealogy\genealogy_pipeline\data\working\Screenshot 2026-06-11 184251.png,printed_document,The document appears to be a descriptive archival record with a handful of labeled fields rather than repeated tabular data.
printed_document,J:\Genealogy\genealogy_pipeline\data\working\Screenshot 2026-06-11 184622.png,printed_document,The image displays a textual record describing a document rather than a repeating tabular structure or a photograph.
printed_document,J:\Genealogy\genealogy_pipeline\data\working\Screenshot 2026-06-11 221736.png,printed_document,"The provided text describes a collection scope and content, which is prose rather than a structured table or chart."
printed_document,J:\Genealogy\genealogy_pipeline\data\working\Screenshot 2026-06-11 221844.png,printed_document,The image displays textual record information without a repeating tabular structure or complex visual elements.
printed_document,J:\Genealogy\genealogy_pipeline\data\working\Screenshot 2026-06-11 234001.png,printed_document,"The image consists of typed prose and metadata, fitting the description of a printed document."
printed_document,J:\Genealogy\genealogy_pipeline\data\working\Screenshot 2026-06-12 010742.png,printed_document,The document presents a handful of labeled fields about a record rather than repeating the same structure for many different entries.
printed_document,J:\Genealogy\genealogy_pipeline\data\working\Screenshot 2026-06-12 011820.png,printed_document,The document appears to be a record with a handful of labeled fields rather than repeated rows.
printed_document,J:\Genealogy\genealogy_pipeline\data\working\Screenshot 2026-06-12 012331.png,printed_document,"The image consists of short, distinct entries, suggesting a list of records rather than a repeating tabular structure."
printed_document,J:\Genealogy\genealogy_pipeline\data\working\Screenshot 2026-06-12 012459.png,printed_document,"The image displays structured bibliographic or reference information about records, which is best classified as printed text."
printed_document,J:\Genealogy\genealogy_pipeline\data\working\Screenshot 2026-06-12 022022.png,printed_document,"The image contains typed prose describing an application, fitting the description of printed text."
printed_document,J:\Genealogy\genealogy_pipeline\data\working\Screenshot 2026-06-12 024148.png,printed_document,"The image displays a document structure with headings and links, fitting the description of typed prose or a structured document."
printed_document,J:\Genealogy\genealogy_pipeline\data\working\Screenshot 2026-06-12 030430.png,printed_document,The document presents structured record information about a single entity rather than repeating rows of data.
printed_document,J:\Genealogy\genealogy_pipeline\data\working\Screenshot 2026-06-12 153711.png,printed_document,"The provided text appears to be a bibliographic or archival record, which is classified as printed text."
printed_document,J:\Genealogy\genealogy_pipeline\data\working\Screenshot 2026-06-12 160207.png,printed_document,The document appears to be a bibliographic or archival record with a handful of labeled fields rather than repeated tabular data.
printed_document,J:\Genealogy\genealogy_pipeline\data\working\Screenshot 2026-06-12 160519.png,printed_document,The document appears to be a record with a handful of labeled fields rather than repeating rows of data.
printed_document,J:\Genealogy\genealogy_pipeline\data\working\Screenshot 2026-06-12 185734.png,printed_document,"The image displays a file record with metadata and references, which is a form of typed textual document."
printed_document,J:\Genealogy\genealogy_pipeline\data\working\Screenshot 2026-06-12 202843.png,printed_document,"The image consists of a list of file references and associated descriptions, which is structured text rather than a repeating tabular form."
printed_document,J:\Genealogy\genealogy_pipeline\data\working\Screenshot 2026-06-12 203929.png,printed_document,"The image consists of a list of file references paired with descriptive text, characteristic of printed document entries."
printed_document,J:\Genealogy\genealogy_pipeline\data\working\Screenshot 2026-06-12 213115.png,printed_document,The image consists of distinct text entries that do not form a repeating tabular structure or a complex chart.
printed_document,J:\Genealogy\genealogy_pipeline\data\working\Screenshot 2026-06-12 220605.png,printed_document,"The document presents metadata and reference information in a structured, non-repeating format typical of a record description."
printed_document,J:\Genealogy\genealogy_pipeline\data\working\Screenshot 2026-06-12 220837.png,printed_document,"The image consists of a list of file references and associated descriptions, which is structured text rather than a repeating tabular form."
printed_document,J:\Genealogy\genealogy_pipeline\data\working\Screenshot 2026-06-14 164839.png,printed_document,"The image consists of distinct entries with associated text, fitting the description of printed prose or single-entity forms."
printed_document,J:\Genealogy\genealogy_pipeline\data\working\Screenshot 2026-06-14 183404.png,printed_document,"The image contains typed prose without a repeating tabular structure, fitting the description of a printed document."
printed_document,J:\Genealogy\genealogy_pipeline\data\working\Screenshot 2026-06-14 200438.png,printed_document,"The image contains typed prose describing a file entry, fitting the description of printed text."
printed_document,J:\Genealogy\genealogy_pipeline\data\working\Screenshot 2026-06-14 201313.png,printed_document,The image displays textual record information without a repeating tabular structure or a photograph.
printed_document,J:\Genealogy\genealogy_pipeline\data\working\Screenshot 2026-06-14 202724.png,printed_document,The provided text appears to be a metadata record for an archival document rather than the document content itself.
printed_document,J:\Genealogy\genealogy_pipeline\data\working\Screenshot 2026-06-15 193004.png,printed_document,The document appears to be a printed passenger list or document with a handful of unique fields rather than repeated rows.
printed_document,J:\Genealogy\genealogy_pipeline\data\working\Screenshot 2026-06-15 193251.png,printed_document,The document is typed prose detailing information about a passenger list and related materials.
printed_document,J:\Genealogy\genealogy_pipeline\data\working\Screenshot 2026-06-15 195956.png,printed_document,"The document is a typed record with a handful of labeled fields, fitting the description of a single-entity form."
printed_document,J:\Genealogy\genealogy_pipeline\data\working\Screenshot 2026-06-16 220317.png,printed_document,"The image contains typed text identifying a file and a record title, fitting the description of a printed document."
printed_document,J:\Genealogy\genealogy_pipeline\data\working\Screenshot 2026-06-16 234441.png,printed_document,"The image consists of a list of file references and associated text entries, which is characteristic of printed document records."
printed_document,J:\Genealogy\genealogy_pipeline\data\working\Screenshot 2026-06-17 193138.png,printed_document,"The document is typed prose detailing archival records, fitting the description of printed text without a repeating tabular structure."
printed_document,J:\Genealogy\genealogy_pipeline\data\working\Screenshot 2026-06-17 193250.png,printed_document,The document appears to be a typed record with a handful of labeled fields rather than repeated tabular data.
printed_document,J:\Genealogy\genealogy_pipeline\data\working\Screenshot 2026-06-17 193603.png,printed_document,"The document appears to be a typed or printed item, likely a letter or certificate, without repeating tabular data."
printed_document,J:\Genealogy\genealogy_pipeline\data\working\Screenshot 2026-06-17 194912.png,printed_document,"The image displays typed text and metadata typical of an archival record, fitting the description of a printed document."
printed_document,J:\Genealogy\genealogy_pipeline\data\working\Screenshot 2026-06-18 183301.png,printed_document,"The document appears to be a record or correspondence, fitting the description of typed or printed prose without a repeating tabular structure."
printed_document,J:\Genealogy\genealogy_pipeline\data\working\Screenshot 2026-06-18 184001.png,printed_document,The document appears to be typed prose or an archival record entry rather than a repeating table or a complex chart.
printed_document,J:\Genealogy\genealogy_pipeline\data\working\Screenshot 2026-06-18 184405.png,printed_document,"The document appears to be a hierarchical file structure listing various records, which is best classified as printed text structure."
printed_document,J:\Genealogy\genealogy_pipeline\data\working\Screenshot 2026-06-18 185057.png,printed_document,The image displays structured archival metadata and reference information typical of a printed document record.
printed_document,J:\Genealogy\genealogy_pipeline\data\working\Screenshot 2026-06-18 185216.png,printed_document,The document presents structured record information with a handful of labeled fields rather than repeating rows of data.
printed_document,J:\Genealogy\genealogy_pipeline\data\working\Screenshot 2026-06-18 185421.png,printed_document,The document appears to be typed prose or a record entry without repeating tabular data structures.
printed_document,J:\Genealogy\genealogy_pipeline\data\working\Screenshot 2026-06-18 185915.png,printed_document,The image displays structured archival metadata and reference information typical of a printed document record.
printed_document,J:\Genealogy\genealogy_pipeline\data\working\Screenshot 2026-06-18 190112.png,printed_document,The document appears to be typed prose with metadata rather than a repeating tabular structure or a complex chart.
printed_document,J:\Genealogy\genealogy_pipeline\data\working\Screenshot 2026-06-18 190228.png,printed_document,The document appears to be typed prose or a formal record rather than a repeating table or a map.
printed_document,J:\Genealogy\genealogy_pipeline\data\working\Screenshot 2026-06-18 190301.png,printed_document,The document appears to be typed prose or a record entry rather than a repeating tabular structure or a photograph.
printed_document,J:\Genealogy\genealogy_pipeline\data\working\Screenshot 2026-06-18 190525.png,printed_document,"The document is typed prose, fitting the description of a printed document without a repeating tabular structure."
printed_document,J:\Genealogy\genealogy_pipeline\data\working\Screenshot 2026-06-18 190745.png,printed_document,The document appears to be typed prose or a record entry rather than a repeating tabular structure.
printed_document,J:\Genealogy\genealogy_pipeline\data\working\Screenshot 2026-06-18 190853.png,printed_document,The document appears to be typed textual material without a repeating tabular structure or complex layout.
printed_document,J:\Genealogy\genealogy_pipeline\data\working\Screenshot 2026-06-18 191331.png,printed_document,The provided text snippets appear to be archival record entries rather than complex repeating tables or visual media.
printed_document,J:\Genealogy\genealogy_pipeline\data\working\Screenshot 2026-06-18 192932.png,printed_document,The document appears to be a typed archival record or text rather than a repeating tabular form.
printed_document,J:\Genealogy\genealogy_pipeline\data\working\Screenshot 2026-06-18 193050.png,printed_document,The document appears to be typed prose or a record entry rather than a repeating tabular structure.
printed_document,J:\Genealogy\genealogy_pipeline\data\working\Screenshot 2026-06-18 193140.png,printed_document,The document appears to be typed prose or a formal record rather than a repeating tabular structure.
printed_document,J:\Genealogy\genealogy_pipeline\data\working\Screenshot 2026-06-18 193308.png,printed_document,"The document is a typed letter, which falls under the printed_document category."
printed_document,J:\Genealogy\genealogy_pipeline\data\working\Screenshot 2026-06-18 193511.png,printed_document,"The document appears to be typed prose, fitting the description of a printed document."
printed_document,J:\Genealogy\genealogy_pipeline\data\working\Screenshot 2026-06-18 193700.png,printed_document,The document appears to be typed textual material referencing archival records rather than a repeating tabular structure.
printed_document,J:\Genealogy\genealogy_pipeline\data\working\Screenshot 2026-06-18 193728.png,printed_document,The document appears to be a record with a handful of labeled fields rather than repeated rows of data.
printed_document,J:\Genealogy\genealogy_pipeline\data\working\Screenshot 2026-06-18 193904.png,printed_document,The document appears to be typed prose or a record entry rather than a repeating tabular structure or a map.
printed_document,J:\Genealogy\genealogy_pipeline\data\working\Screenshot 2026-06-18 194116.png,printed_document,The document appears to be typed prose or a record entry rather than a repeating tabular structure or a chart.
printed_document,J:\Genealogy\genealogy_pipeline\data\working\Screenshot 2026-06-18 194224.png,printed_document,The document appears to be typed prose or a formal record rather than a repeating tabular structure.
printed_document,J:\Genealogy\genealogy_pipeline\data\working\Screenshot 2026-06-18 194315.png,printed_document,The document appears to be typed prose with metadata rather than a repeating tabular structure or a chart.
printed_document,J:\Genealogy\genealogy_pipeline\data\working\Screenshot 2026-06-18 194438.png,printed_document,The image displays structured archival record entries which are characteristic of printed documents rather than repetitive tabular data.
map_land_record,J:\Genealogy\genealogy_pipeline\data\working\Screenshot 2026-06-07 200323.png,map_land_record,"The document contains a map and geographic descriptions, fitting the map_land_record category."
map_land_record,J:\Genealogy\genealogy_pipeline\data\working\Screenshot 2026-06-12 141254.png,map_land_record,"The record explicitly mentions ""Maps"" in the title, indicating a geographic layout."
